epoch,time,train/box_loss,train/cls_loss,train/dfl_loss,metrics/precision(B),metrics/recall(B),metrics/mAP50(B),metrics/mAP50-95(B),val/box_loss,val/cls_loss,val/dfl_loss,lr/pg0,lr/pg1,lr/pg2
1,79.9571,1.17941,3.49172,1.13067,0,0,0,0,2.15282,59.139,1.66351,6e-05,6e-05,0.08806
2,160.687,1.02969,2.4475,1.07783,0.0943,0.10548,0.06994,0.04623,1.51325,5.50678,1.15046,0.000124381,0.000124381,0.0751244
3,233.009,1.00731,2.43566,1.09401,0.25784,0.42517,0.25179,0.14319,1.64992,2.78148,1.24871,0.000188119,0.000188119,0.0621881
4,308.854,0.99529,2.10236,1.06039,0.58958,0.47626,0.47772,0.25271,1.70896,2.21904,1.35907,0.000251213,0.000251213,0.0492512
5,377.933,1.01843,2.054,1.04399,0.28775,0.76768,0.48031,0.26372,1.61467,2.24994,1.31092,0.000313664,0.000313664,0.0363137
6,446.379,1.07509,2.16003,1.09518,0.31315,0.75753,0.47306,0.25887,1.60142,2.28881,1.29433,0.000375471,0.000375471,0.0233755
7,523.959,0.97267,2.21011,1.09781,0.33892,0.75277,0.47746,0.24844,1.69031,2.14076,1.33094,0.000436635,0.000436635,0.0104366
8,591.142,1.07041,1.92497,1.07885,0.34949,0.76035,0.51569,0.25598,1.80369,1.91942,1.39776,0.000482675,0.000482675,0.000482675
9,656.315,1.00033,2.02377,1.06396,0.34949,0.76035,0.51569,0.25598,1.80369,1.91942,1.39776,0.0004802,0.0004802,0.0004802
10,721.844,0.99006,1.97085,1.0692,0.36576,0.64755,0.50164,0.27549,1.64785,1.77966,1.29455,0.000477725,0.000477725,0.000477725
11,787.442,0.97792,1.90647,1.06364,0.38529,0.64106,0.53449,0.30241,1.57256,1.70546,1.25042,0.00047525,0.00047525,0.00047525
12,852.444,1.02267,1.86335,1.08313,0.50411,0.57744,0.59336,0.33445,1.57566,1.62782,1.282,0.000472775,0.000472775,0.000472775
13,918.203,0.94694,1.91999,1.05289,0.5204,0.6956,0.64737,0.38139,1.47893,1.53671,1.25129,0.0004703,0.0004703,0.0004703
14,983.173,0.87404,1.89387,1.0174,0.53536,0.67817,0.66107,0.39181,1.49456,1.53234,1.26555,0.000467825,0.000467825,0.000467825
15,1048.02,0.94717,1.8481,1.03536,0.53536,0.67817,0.66107,0.39181,1.49456,1.53234,1.26555,0.00046535,0.00046535,0.00046535
16,1113.07,0.91659,1.66806,1.04696,0.58293,0.66457,0.66934,0.38718,1.56652,1.55347,1.30214,0.000462875,0.000462875,0.000462875
17,1178.4,0.94404,1.75234,1.04125,0.58335,0.6717,0.69151,0.37785,1.69878,1.56401,1.36386,0.0004604,0.0004604,0.0004604
18,1243.71,0.97544,1.63031,1.04761,0.59368,0.7336,0.71248,0.38894,1.73143,1.51128,1.36408,0.000457925,0.000457925,0.000457925
19,1308.79,0.98434,1.63619,1.0632,0.62507,0.69938,0.7031,0.40434,1.64206,1.49938,1.28843,0.00045545,0.00045545,0.00045545
20,1374.07,1.02491,1.69916,1.07161,0.62507,0.69938,0.7031,0.40434,1.64206,1.49938,1.28843,0.000452975,0.000452975,0.000452975
21,1439.08,0.95885,1.73491,1.06504,0.62605,0.76381,0.72406,0.44052,1.5211,1.44354,1.22575,0.0004505,0.0004505,0.0004505
22,1504.3,0.93975,1.61249,1.03908,0.65143,0.75717,0.728,0.44027,1.51261,1.36836,1.23126,0.000448025,0.000448025,0.000448025
23,1569.92,0.95149,1.4535,1.05613,0.67521,0.73916,0.72201,0.41855,1.54448,1.39264,1.26242,0.00044555,0.00044555,0.00044555
24,1635.52,0.91858,1.50973,1.06184,0.62117,0.74917,0.69949,0.42837,1.42863,1.41069,1.19819,0.000443075,0.000443075,0.000443075
25,1700.61,0.9659,1.42347,1.07238,0.62117,0.74917,0.69949,0.42837,1.42863,1.41069,1.19819,0.0004406,0.0004406,0.0004406
26,1766.14,0.94951,1.4371,1.0642,0.62839,0.70332,0.67648,0.41242,1.43803,1.43182,1.1871,0.000438125,0.000438125,0.000438125
27,1830.8,0.9879,1.52018,1.08533,0.65425,0.71211,0.68421,0.39011,1.58625,1.4429,1.25834,0.00043565,0.00043565,0.00043565
28,1896.3,0.93024,1.40066,1.04885,0.68355,0.67986,0.69721,0.39917,1.59193,1.37239,1.25246,0.000433175,0.000433175,0.000433175
29,1961.62,0.94407,1.47698,1.03868,0.65087,0.75813,0.73833,0.42755,1.56026,1.28454,1.2337,0.0004307,0.0004307,0.0004307
30,2026.46,0.94415,1.49762,1.04941,0.71018,0.81413,0.74941,0.45986,1.42469,1.2068,1.16217,0.000428225,0.000428225,0.000428225
31,2092.03,0.96876,1.38331,1.07275,0.71018,0.81413,0.74941,0.45986,1.42469,1.2068,1.16217,0.00042575,0.00042575,0.00042575
32,2157.1,0.9171,1.43177,1.07754,0.72451,0.81546,0.76127,0.48349,1.32841,1.14754,1.12775,0.000423275,0.000423275,0.000423275
33,2223,0.96209,1.3944,1.10624,0.68776,0.84618,0.75904,0.49238,1.29539,1.14806,1.12304,0.0004208,0.0004208,0.0004208
34,2288.33,0.97676,1.43105,1.08397,0.70201,0.83979,0.77039,0.49414,1.31678,1.13136,1.13507,0.000418325,0.000418325,0.000418325
35,2353.88,0.9362,1.29007,1.0488,0.70971,0.86142,0.77841,0.47675,1.41701,1.13181,1.17254,0.00041585,0.00041585,0.00041585
36,2419.28,0.90622,1.39316,1.03708,0.70971,0.86142,0.77841,0.47675,1.41701,1.13181,1.17254,0.000413375,0.000413375,0.000413375
37,2484.48,0.90345,1.30046,1.04282,0.70576,0.88427,0.79141,0.47559,1.49694,1.12648,1.19907,0.0004109,0.0004109,0.0004109
38,2549.63,0.89315,1.47883,1.06448,0.73559,0.86559,0.79367,0.49219,1.45916,1.11653,1.17308,0.000408425,0.000408425,0.000408425
39,2615.16,1.00723,1.36133,1.08361,0.72737,0.84342,0.79742,0.486,1.50603,1.12264,1.19109,0.00040595,0.00040595,0.00040595
40,2680.57,0.97049,1.3306,1.07246,0.71949,0.84774,0.80921,0.48727,1.55087,1.11518,1.21415,0.000403475,0.000403475,0.000403475
41,2746.15,0.98111,1.30831,1.06959,0.71949,0.84774,0.80921,0.48727,1.55087,1.11518,1.21415,0.000401,0.000401,0.000401
42,2811.77,0.96082,1.31885,1.07245,0.74484,0.82533,0.82646,0.50504,1.51702,1.10007,1.19705,0.000398525,0.000398525,0.000398525
43,2877,0.91081,1.162,1.01308,0.74204,0.85258,0.83708,0.52364,1.4681,1.08142,1.1734,0.00039605,0.00039605,0.00039605
44,2941.69,0.97125,1.4561,1.10806,0.74902,0.86713,0.84818,0.53535,1.4389,1.05346,1.16604,0.000393575,0.000393575,0.000393575
45,3007.16,0.8925,1.24697,1.02702,0.75276,0.87552,0.87237,0.55795,1.40666,1.02053,1.15413,0.0003911,0.0003911,0.0003911
46,3072.29,0.98519,1.34505,1.09015,0.77664,0.87644,0.87993,0.55433,1.44039,1.01459,1.17765,0.000388625,0.000388625,0.000388625
47,3137.76,0.9402,1.24283,1.05327,0.77664,0.87644,0.87993,0.55433,1.44039,1.01459,1.17765,0.00038615,0.00038615,0.00038615
48,3203.58,0.96247,1.18237,1.04827,0.80433,0.88612,0.8867,0.54497,1.46839,1.01023,1.19908,0.000383675,0.000383675,0.000383675
49,3269.31,0.91711,1.20829,1.09241,0.81231,0.90296,0.89626,0.54341,1.49378,1.003,1.21881,0.0003812,0.0003812,0.0003812
50,3335.1,0.93633,1.19068,1.0536,0.78537,0.90513,0.89919,0.53627,1.52873,1.00351,1.24336,0.000378725,0.000378725,0.000378725
51,3400.75,0.94072,1.23493,1.06009,0.7544,0.94885,0.90271,0.52545,1.56336,0.99475,1.26479,0.00037625,0.00037625,0.00037625
52,3465.7,0.93581,1.22867,1.05204,0.7544,0.94885,0.90271,0.52545,1.56336,0.99475,1.26479,0.000373775,0.000373775,0.000373775
53,3530.82,0.86762,1.20641,1.01571,0.72854,0.91703,0.9031,0.52254,1.58312,0.98598,1.26944,0.0003713,0.0003713,0.0003713
54,3596.42,0.9671,1.14963,1.05115,0.69433,0.9105,0.89276,0.53128,1.53105,1.02992,1.23078,0.000368825,0.000368825,0.000368825
55,3661.98,1.02657,1.1779,1.07712,0.71071,0.88944,0.89023,0.528,1.53961,1.05012,1.23724,0.00036635,0.00036635,0.00036635
56,3727.69,0.90731,1.21403,1.02158,0.79594,0.84838,0.90342,0.54732,1.48756,0.99942,1.21672,0.000363875,0.000363875,0.000363875
57,3792.65,0.86849,1.11456,1.01722,0.79594,0.84838,0.90342,0.54732,1.48756,0.99942,1.21672,0.0003614,0.0003614,0.0003614
58,3857.55,0.92212,1.18877,1.06966,0.85827,0.89072,0.92117,0.57479,1.42202,0.93494,1.19335,0.000358925,0.000358925,0.000358925
59,3922.68,0.94082,1.17036,1.05233,0.84685,0.93399,0.93036,0.6041,1.33146,0.89187,1.15024,0.00035645,0.00035645,0.00035645
60,3988.44,0.96517,1.07719,1.07337,0.81899,0.92778,0.90907,0.5934,1.32455,0.92247,1.14624,0.000353975,0.000353975,0.000353975
61,4054.28,0.90337,1.13655,1.02934,0.82686,0.91483,0.91241,0.60179,1.3066,0.90646,1.13245,0.0003515,0.0003515,0.0003515
62,4119.83,0.91732,1.1613,1.03283,0.87659,0.91498,0.92663,0.60925,1.32429,0.86218,1.13305,0.000349025,0.000349025,0.000349025
63,4185.26,0.9416,1.04426,1.06871,0.87659,0.91498,0.92663,0.60925,1.32429,0.86218,1.13305,0.00034655,0.00034655,0.00034655
64,4251.19,0.91319,1.20541,1.05296,0.85241,0.94702,0.9363,0.61847,1.315,0.83451,1.12065,0.000344075,0.000344075,0.000344075
65,4316.69,0.85395,1.06612,1.02422,0.86445,0.93048,0.94424,0.62217,1.33699,0.8318,1.11951,0.0003416,0.0003416,0.0003416
66,4381.86,0.91669,1.14734,1.08391,0.8751,0.90508,0.94916,0.60649,1.40102,0.83721,1.13952,0.000339125,0.000339125,0.000339125
67,4447.53,0.87331,1.0186,1.0331,0.85866,0.92682,0.95519,0.58441,1.4843,0.8416,1.17899,0.00033665,0.00033665,0.00033665
68,4513.45,0.88741,1.09045,1.02962,0.85866,0.92682,0.95519,0.58441,1.4843,0.8416,1.17899,0.000334175,0.000334175,0.000334175
69,4579.55,0.88569,0.99182,1.0283,0.87165,0.90611,0.95801,0.55541,1.59902,0.87051,1.24156,0.0003317,0.0003317,0.0003317
70,4644.93,0.87315,1.05099,1.03207,0.87311,0.92824,0.95996,0.54407,1.6732,0.88341,1.28575,0.000329225,0.000329225,0.000329225
71,4710.36,0.8952,0.94055,1.01744,0.89115,0.92775,0.96264,0.54047,1.69239,0.88117,1.29451,0.00032675,0.00032675,0.00032675
72,4775.86,0.85145,0.9546,0.99451,0.91708,0.92348,0.97004,0.55305,1.65452,0.86657,1.26395,0.000324275,0.000324275,0.000324275
73,4841.55,0.93356,0.97827,1.06134,0.91708,0.92348,0.97004,0.55305,1.65452,0.86657,1.26395,0.0003218,0.0003218,0.0003218
74,4907.1,0.86827,1.01112,1.02301,0.91924,0.90819,0.97126,0.58786,1.52947,0.85927,1.19582,0.000319325,0.000319325,0.000319325
75,4972.86,0.91853,0.95476,1.04291,0.8912,0.92245,0.97013,0.63074,1.35756,0.85081,1.11611,0.00031685,0.00031685,0.00031685
76,5038.16,0.87837,1.07769,1.02733,0.93701,0.89477,0.96981,0.64901,1.27496,0.80902,1.0834,0.000314375,0.000314375,0.000314375
77,5103.99,0.90492,1.02967,1.03315,0.93231,0.9116,0.97369,0.66287,1.25113,0.77007,1.07256,0.0003119,0.0003119,0.0003119
78,5169.09,0.97251,1.00804,1.11588,0.91186,0.92548,0.9767,0.64859,1.32068,0.78454,1.10814,0.000309425,0.000309425,0.000309425
79,5234.68,0.92112,0.99352,1.04189,0.91186,0.92548,0.9767,0.64859,1.32068,0.78454,1.10814,0.00030695,0.00030695,0.00030695
80,5305.46,0.87507,0.91226,1.02773,0.91709,0.92159,0.97716,0.62741,1.40803,0.82673,1.15809,0.000304475,0.000304475,0.000304475
81,5370.57,0.87444,1.01222,1.04601,0.88956,0.93526,0.97791,0.59111,1.55129,0.87218,1.2454,0.000302,0.000302,0.000302
82,5435.55,0.89944,0.9757,1.04132,0.90771,0.96796,0.98545,0.57619,1.5992,0.84218,1.27883,0.000299525,0.000299525,0.000299525
83,5500.69,0.92967,1.00698,1.02723,0.97991,0.95497,0.99058,0.59359,1.56156,0.78663,1.25456,0.00029705,0.00029705,0.00029705
84,5566,0.93836,0.86536,1.04454,0.97991,0.95497,0.99058,0.59359,1.56156,0.78663,1.25456,0.000294575,0.000294575,0.000294575
85,5631.09,0.8779,1.00349,1.04518,0.9587,0.98514,0.99178,0.62873,1.4146,0.7368,1.17136,0.0002921,0.0002921,0.0002921
86,5696.92,0.94607,0.94051,1.04239,0.96405,0.97313,0.99107,0.65308,1.32021,0.70942,1.12076,0.000289625,0.000289625,0.000289625
87,5762.01,0.89374,1.00677,1.01936,0.94729,0.98152,0.98971,0.6593,1.28143,0.70331,1.09439,0.00028715,0.00028715,0.00028715
88,5827.64,0.90914,0.99979,1.02827,0.94015,0.96414,0.98596,0.6499,1.30781,0.71962,1.09822,0.000284675,0.000284675,0.000284675
89,5893.27,0.84429,0.98222,1.0051,0.94015,0.96414,0.98596,0.6499,1.30781,0.71962,1.09822,0.0002822,0.0002822,0.0002822
90,5958.91,0.85582,0.87024,0.9966,0.94448,0.94646,0.98407,0.64702,1.31037,0.72027,1.09584,0.000279725,0.000279725,0.000279725
91,6024.45,0.88673,0.95792,1.02821,0.91449,0.977,0.9838,0.668,1.22645,0.70548,1.06266,0.00027725,0.00027725,0.00027725
92,6089.68,0.87359,0.93834,1.03289,0.91808,0.97642,0.98526,0.68642,1.15619,0.68571,1.03849,0.000274775,0.000274775,0.000274775
93,6154.74,0.85205,0.86707,1.04166,0.95543,0.96514,0.9857,0.68674,1.14207,0.66699,1.03655,0.0002723,0.0002723,0.0002723
94,6220.05,0.91956,0.86336,1.04763,0.96417,0.96518,0.98644,0.67061,1.2185,0.67094,1.06802,0.000269825,0.000269825,0.000269825
95,6285.48,0.9103,0.87885,1.04461,0.96417,0.96518,0.98644,0.67061,1.2185,0.67094,1.06802,0.00026735,0.00026735,0.00026735
96,6350.79,0.86218,0.88426,1.00099,0.96775,0.96002,0.98853,0.65359,1.2916,0.68322,1.09793,0.000264875,0.000264875,0.000264875
97,6416.22,0.86597,0.85873,1.0121,0.95582,0.96335,0.9898,0.64091,1.34451,0.7007,1.11946,0.0002624,0.0002624,0.0002624
98,6481.69,0.89303,0.83185,1.01323,0.96181,0.97005,0.98942,0.65694,1.27911,0.69465,1.08664,0.000259925,0.000259925,0.000259925
99,6547.42,0.86745,0.80994,1.00213,0.96493,0.97586,0.98933,0.67674,1.19147,0.67719,1.0519,0.00025745,0.00025745,0.00025745
100,6613.17,0.85922,0.8773,1.03527,0.96493,0.97586,0.98933,0.67674,1.19147,0.67719,1.0519,0.000254975,0.000254975,0.000254975
101,6678.61,0.82802,0.82874,0.97841,0.97321,0.97899,0.98987,0.68749,1.15797,0.65723,1.04363,0.0002525,0.0002525,0.0002525
102,6744.01,0.87484,0.76599,1.01391,0.98168,0.97325,0.99005,0.69492,1.15033,0.64216,1.04401,0.000250025,0.000250025,0.000250025
103,6809.04,0.83126,0.81021,0.99659,0.96848,0.98289,0.9898,0.69942,1.1395,0.63584,1.03998,0.00024755,0.00024755,0.00024755
104,6874.2,0.83587,0.82727,1.00001,0.9621,0.98818,0.98982,0.70782,1.11356,0.62752,1.028,0.000245075,0.000245075,0.000245075
105,6938.9,0.84875,0.85786,1.02981,0.9621,0.98818,0.98982,0.70782,1.11356,0.62752,1.028,0.0002426,0.0002426,0.0002426
106,7003.78,0.80534,0.76977,1.01096,0.96214,0.98351,0.99075,0.69854,1.15813,0.63832,1.04612,0.000240125,0.000240125,0.000240125
107,7068.78,0.82354,0.82888,0.99406,0.97107,0.97702,0.99156,0.66691,1.26419,0.66627,1.09324,0.00023765,0.00023765,0.00023765
108,7133.7,0.78135,0.8211,0.98487,0.97753,0.97153,0.99178,0.64151,1.37672,0.68251,1.14934,0.000235175,0.000235175,0.000235175
109,7199.31,0.85144,0.85864,1.00314,0.97266,0.99096,0.99206,0.62339,1.44276,0.69168,1.18216,0.0002327,0.0002327,0.0002327
110,7264.16,0.89129,0.82479,1.04993,0.96763,0.99154,0.99187,0.63571,1.39366,0.68916,1.15427,0.000230225,0.000230225,0.000230225
111,7329.19,0.87219,0.85252,1.00582,0.96763,0.99154,0.99187,0.63571,1.39366,0.68916,1.15427,0.00022775,0.00022775,0.00022775
112,7394.6,0.88764,0.76305,0.99818,0.97126,0.99206,0.99246,0.65826,1.30419,0.66857,1.10739,0.000225275,0.000225275,0.000225275
113,7459.71,0.87784,0.86483,1.03924,0.97067,0.99117,0.99294,0.68609,1.19046,0.63508,1.05403,0.0002228,0.0002228,0.0002228
114,7524.88,0.80196,0.77114,0.9651,0.98547,0.97811,0.99354,0.71225,1.10395,0.6072,1.0177,0.000220325,0.000220325,0.000220325
115,7590.04,0.82663,0.77821,1.00335,0.98141,0.97966,0.99305,0.71332,1.09954,0.59859,1.01673,0.00021785,0.00021785,0.00021785
116,7656.01,0.83299,0.81272,0.99412,0.98141,0.97966,0.99305,0.71332,1.09954,0.59859,1.01673,0.000215375,0.000215375,0.000215375
117,7721.59,0.88481,0.8351,1.02783,0.98032,0.97886,0.99245,0.7086,1.11479,0.59729,1.02167,0.0002129,0.0002129,0.0002129
118,7787.04,0.81695,0.74438,1.02617,0.97547,0.98342,0.99245,0.69378,1.18502,0.60833,1.05088,0.000210425,0.000210425,0.000210425
119,7851.75,0.79921,0.86621,0.97417,0.97408,0.98696,0.99305,0.65044,1.32279,0.6353,1.11097,0.00020795,0.00020795,0.00020795
120,7917.64,0.84065,0.76418,0.97889,0.98261,0.98516,0.99348,0.62869,1.42456,0.64971,1.15876,0.000205475,0.000205475,0.000205475
121,7982.75,0.77864,0.82864,0.96519,0.98261,0.98516,0.99348,0.62869,1.42456,0.64971,1.15876,0.000203,0.000203,0.000203
122,8047.48,0.74155,0.7683,0.96494,0.98607,0.99147,0.9939,0.62187,1.45757,0.65006,1.17281,0.000200525,0.000200525,0.000200525
123,8112.54,0.8031,0.75739,0.98748,0.98827,0.987,0.99322,0.62745,1.44357,0.64917,1.16266,0.00019805,0.00019805,0.00019805
124,8177.74,0.87376,0.83481,1.00463,0.9796,0.98339,0.99267,0.64186,1.35199,0.63383,1.11619,0.000195575,0.000195575,0.000195575
125,8242.6,0.81495,0.78309,1.01241,0.97399,0.99254,0.99281,0.66649,1.26849,0.61541,1.07757,0.0001931,0.0001931,0.0001931
126,8307.65,0.83174,0.83294,1.00835,0.98372,0.98969,0.99299,0.69056,1.18787,0.60157,1.04313,0.000190625,0.000190625,0.000190625
127,8372.5,0.75518,0.73068,0.97067,0.98372,0.98969,0.99299,0.69056,1.18787,0.60157,1.04313,0.00018815,0.00018815,0.00018815
128,8437.68,0.77965,0.73052,0.97172,0.98563,0.98891,0.99305,0.70621,1.12176,0.59164,1.01755,0.000185675,0.000185675,0.000185675
129,8502.89,0.80655,0.79936,0.9929,0.9842,0.99059,0.99326,0.70412,1.11768,0.58744,1.01902,0.0001832,0.0001832,0.0001832
130,8567.68,0.83535,0.72176,1.00388,0.98385,0.99024,0.99341,0.69401,1.15916,0.59224,1.04009,0.000180725,0.000180725,0.000180725
131,8632.5,0.80718,0.74343,0.995,0.98639,0.98599,0.99315,0.66693,1.25469,0.60753,1.08731,0.00017825,0.00017825,0.00017825
132,8697.65,0.79222,0.71847,0.98777,0.98639,0.98599,0.99315,0.66693,1.25469,0.60753,1.08731,0.000175775,0.000175775,0.000175775
133,8763.31,0.8277,0.71685,0.99793,0.99233,0.99022,0.99303,0.64703,1.33021,0.61194,1.12551,0.0001733,0.0001733,0.0001733
134,8828.12,0.75866,0.7259,0.96765,0.9929,0.99112,0.99197,0.64004,1.36869,0.61625,1.14364,0.000170825,0.000170825,0.000170825
135,8893.55,0.77041,0.6947,0.98401,0.98734,0.98618,0.99132,0.64199,1.35283,0.61388,1.13419,0.00016835,0.00016835,0.00016835
136,8958.7,0.81203,0.782,0.99761,0.97479,0.98699,0.9911,0.64615,1.32815,0.61527,1.1201,0.000165875,0.000165875,0.000165875
137,9023.83,0.83439,0.7809,0.98614,0.97479,0.98699,0.9911,0.64615,1.32815,0.61527,1.1201,0.0001634,0.0001634,0.0001634
138,9088.77,0.73827,0.66411,0.97945,0.97366,0.98895,0.99094,0.65747,1.28388,0.60541,1.09816,0.000160925,0.000160925,0.000160925
139,9154.18,0.89268,0.77803,1.00194,0.98645,0.9839,0.99115,0.67847,1.21291,0.58553,1.06712,0.00015845,0.00015845,0.00015845
140,9219.04,0.79555,0.70877,0.99024,0.98546,0.99332,0.99123,0.69315,1.14634,0.5674,1.03886,0.000155975,0.000155975,0.000155975
141,9283.57,0.84927,0.78719,1.0114,0.9885,0.99416,0.99174,0.70681,1.10394,0.55587,1.0202,0.0001535,0.0001535,0.0001535
142,9348.41,0.80013,0.72287,1.00247,0.98709,0.99976,0.99212,0.70682,1.0995,0.55205,1.01614,0.000151025,0.000151025,0.000151025
143,9413.09,0.78357,0.67236,0.96607,0.98709,0.99976,0.99212,0.70682,1.0995,0.55205,1.01614,0.00014855,0.00014855,0.00014855
144,9477.65,0.76387,0.64766,0.97561,0.99035,0.99621,0.99371,0.70019,1.1309,0.55281,1.02653,0.000146075,0.000146075,0.000146075
145,9542.67,0.77607,0.68175,0.98113,0.99043,0.99621,0.9939,0.68756,1.19247,0.55755,1.04964,0.0001436,0.0001436,0.0001436
146,9607.58,0.79558,0.71636,0.98275,0.9917,0.9971,0.99424,0.67245,1.27142,0.56942,1.08314,0.000141125,0.000141125,0.000141125
147,9672.7,0.84145,0.72866,1.03487,0.99189,0.99672,0.99432,0.65448,1.35024,0.58138,1.12124,0.00013865,0.00013865,0.00013865
148,9737.53,0.76552,0.72892,0.95838,0.99189,0.99672,0.99432,0.65448,1.35024,0.58138,1.12124,0.000136175,0.000136175,0.000136175
149,9802.61,0.71696,0.72559,0.9308,0.99184,0.9972,0.99424,0.63106,1.41723,0.59262,1.1562,0.0001337,0.0001337,0.0001337
150,9867.62,0.80209,0.67189,0.98722,0.99334,0.99789,0.99439,0.62604,1.43219,0.59455,1.16671,0.000131225,0.000131225,0.000131225
151,9932.44,0.71751,0.64277,0.94838,0.9926,0.99979,0.99432,0.62515,1.43127,0.59538,1.16839,0.00012875,0.00012875,0.00012875
152,9997.21,0.75006,0.65759,0.94482,0.99416,0.99369,0.99466,0.63647,1.41093,0.59301,1.15811,0.000126275,0.000126275,0.000126275
153,10061.9,0.73,0.68505,0.96917,0.99416,0.99369,0.99466,0.63647,1.41093,0.59301,1.15811,0.0001238,0.0001238,0.0001238
154,10126.3,0.7254,0.62139,0.94323,0.99379,0.99319,0.99477,0.64916,1.36961,0.58749,1.13801,0.000121325,0.000121325,0.000121325
155,10190.9,0.77535,0.62599,0.95172,0.99308,0.99329,0.99477,0.66967,1.27849,0.57375,1.09535,0.00011885,0.00011885,0.00011885
156,10255.5,0.71032,0.64831,0.94369,0.99223,0.99308,0.99477,0.69614,1.16991,0.55334,1.04651,0.000116375,0.000116375,0.000116375
157,10319.9,0.67763,0.66845,0.94524,0.99181,0.99401,0.99466,0.72576,1.07133,0.53512,1.00514,0.0001139,0.0001139,0.0001139
158,10384.4,0.70865,0.66649,0.94309,0.9903,0.99597,0.99477,0.73947,1.00452,0.52264,0.98076,0.000111425,0.000111425,0.000111425
159,10449.4,0.75887,0.65097,0.96994,0.9903,0.99597,0.99477,0.73947,1.00452,0.52264,0.98076,0.00010895,0.00010895,0.00010895
160,10514.3,0.76287,0.61346,0.98326,0.9918,1,0.99485,0.75258,0.95808,0.51094,0.96585,0.000106475,0.000106475,0.000106475
161,10578.8,0.69492,0.62112,0.96588,0.98922,0.9996,0.99485,0.76019,0.92716,0.50559,0.95603,0.000104,0.000104,0.000104
162,10643.6,0.71847,0.59813,0.94788,0.98873,0.997,0.99485,0.75917,0.92846,0.50224,0.95553,0.000101525,0.000101525,0.000101525
163,10708.2,0.71324,0.64396,0.94891,0.99496,0.99323,0.99492,0.76472,0.91251,0.50012,0.95084,9.905e-05,9.905e-05,9.905e-05
164,10772.8,0.74928,0.67853,0.97902,0.99496,0.99323,0.99492,0.76472,0.91251,0.50012,0.95084,9.6575e-05,9.6575e-05,9.6575e-05
165,10837.3,0.71348,0.65991,0.94443,0.994,0.99464,0.99492,0.76174,0.92282,0.50147,0.95473,9.41e-05,9.41e-05,9.41e-05
166,10901.9,0.69631,0.60473,0.95506,0.99433,0.99503,0.99492,0.75138,0.96222,0.5069,0.96825,9.1625e-05,9.1625e-05,9.1625e-05
167,10966.7,0.70544,0.59224,0.93377,0.99405,0.99505,0.99492,0.73425,1.01506,0.51611,0.98865,8.915e-05,8.915e-05,8.915e-05
168,11031.1,0.6798,0.64093,0.91764,0.99145,0.99621,0.99485,0.72311,1.06249,0.52797,1.00833,8.6675e-05,8.6675e-05,8.6675e-05
169,11095.7,0.70113,0.6516,0.96816,0.99145,0.99621,0.99485,0.72311,1.06249,0.52797,1.00833,8.42e-05,8.42e-05,8.42e-05
170,11160.3,0.63107,0.74827,0.93619,0.99146,0.99612,0.99443,0.71126,1.1142,0.54064,1.03047,8.1725e-05,8.1725e-05,8.1725e-05
171,11224.8,0.77686,0.63,0.97301,0.99139,0.99582,0.99431,0.70617,1.13208,0.54717,1.03931,7.925e-05,7.925e-05,7.925e-05
172,11289.5,0.6921,0.60932,0.93041,0.9923,0.99612,0.99431,0.71017,1.11595,0.54313,1.03403,7.6775e-05,7.6775e-05,7.6775e-05
173,11354.1,0.64,0.57623,0.90943,0.99282,0.9966,0.99439,0.71705,1.08282,0.53542,1.02122,7.43e-05,7.43e-05,7.43e-05
174,11418.8,0.67178,0.58906,0.91391,0.99362,0.99665,0.99439,0.72513,1.04358,0.52549,1.00607,7.1825e-05,7.1825e-05,7.1825e-05
175,11483.4,0.72788,0.57584,0.95826,0.99362,0.99665,0.99439,0.72513,1.04358,0.52549,1.00607,6.935e-05,6.935e-05,6.935e-05
176,11548.3,0.64905,0.62054,0.91781,0.99363,0.99695,0.99458,0.73141,1.03421,0.5208,1.0017,6.6875e-05,6.6875e-05,6.6875e-05
177,11613.2,0.66991,0.57497,0.94837,0.99368,0.99685,0.99466,0.73445,1.02812,0.51717,0.99872,6.44e-05,6.44e-05,6.44e-05
178,11677.5,0.70321,0.59854,0.93526,0.99398,0.99718,0.99477,0.74395,0.99347,0.50766,0.98519,6.1925e-05,6.1925e-05,6.1925e-05
179,11741.9,0.67447,0.60285,0.94518,0.99395,0.99718,0.99492,0.74977,0.97602,0.50234,0.97742,5.945e-05,5.945e-05,5.945e-05
180,11806.6,0.72865,0.63154,1.00003,0.99395,0.99718,0.99492,0.74977,0.97602,0.50234,0.97742,5.6975e-05,5.6975e-05,5.6975e-05
181,11871.7,0.65929,0.57933,0.92989,0.99376,0.99782,0.99492,0.75347,0.9592,0.49817,0.97007,5.45e-05,5.45e-05,5.45e-05
182,11935.9,0.77106,0.63102,0.96959,0.99306,0.99917,0.99492,0.76281,0.92962,0.49351,0.95889,5.2025e-05,5.2025e-05,5.2025e-05
183,12000.7,0.70694,0.59342,0.93877,0.993,1,0.99492,0.772,0.90646,0.49038,0.94953,4.955e-05,4.955e-05,4.955e-05
184,12065,0.64445,0.63164,0.93053,0.9933,1,0.99477,0.77322,0.89378,0.48661,0.94427,4.7075e-05,4.7075e-05,4.7075e-05
185,12129.6,0.62971,0.559,0.89769,0.9933,1,0.99477,0.77322,0.89378,0.48661,0.94427,4.46e-05,4.46e-05,4.46e-05
186,12194.4,0.69653,0.58325,0.91677,0.99304,1,0.99477,0.77424,0.89198,0.48513,0.94324,4.2125e-05,4.2125e-05,4.2125e-05
187,12258.9,0.73524,0.63464,0.96291,0.993,1,0.99466,0.78031,0.86566,0.47986,0.9341,3.965e-05,3.965e-05,3.965e-05
188,12324.2,0.68079,0.5573,0.93067,0.99294,1,0.99466,0.78414,0.85442,0.47764,0.93035,3.7175e-05,3.7175e-05,3.7175e-05
189,12388.5,0.74313,0.63487,0.97464,0.99331,1,0.99466,0.78504,0.85698,0.47851,0.93064,3.47e-05,3.47e-05,3.47e-05
190,12453,0.68647,0.61513,0.9392,0.9931,1,0.99466,0.78556,0.86652,0.48028,0.93334,3.2225e-05,3.2225e-05,3.2225e-05
191,12517.4,0.66614,0.6249,0.9249,0.9931,1,0.99466,0.78556,0.86652,0.48028,0.93334,2.975e-05,2.975e-05,2.975e-05
192,12582,0.65401,0.62323,0.92089,0.99283,0.9999,0.99466,0.78331,0.86992,0.47995,0.9341,2.7275e-05,2.7275e-05,2.7275e-05
193,12646.5,0.72298,0.58925,0.951,0.99255,0.99875,0.99466,0.78263,0.86736,0.47941,0.93307,2.48e-05,2.48e-05,2.48e-05
194,12711.1,0.65314,0.59559,0.93508,0.99287,0.99846,0.99466,0.7798,0.87846,0.48003,0.93706,2.2325e-05,2.2325e-05,2.2325e-05
195,12775.3,0.71546,0.60091,0.95034,0.99236,0.99853,0.99466,0.78266,0.86997,0.47946,0.93459,1.985e-05,1.985e-05,1.985e-05
196,12839.8,0.70614,0.61091,0.94595,0.99236,0.99853,0.99466,0.78266,0.86997,0.47946,0.93459,1.7375e-05,1.7375e-05,1.7375e-05
197,12904.3,0.67857,0.58605,0.93413,0.99245,0.99754,0.99466,0.77911,0.88284,0.48141,0.93831,1.49e-05,1.49e-05,1.49e-05
198,12968.8,0.62006,0.56491,0.90298,0.99296,0.99763,0.99466,0.77636,0.88859,0.48124,0.9409,1.2425e-05,1.2425e-05,1.2425e-05
199,13033.6,0.69445,0.57161,0.93827,0.99319,0.99735,0.99451,0.77163,0.90259,0.48197,0.94594,9.95e-06,9.95e-06,9.95e-06
200,13098.2,0.67355,0.59308,0.96227,0.99315,0.99784,0.99466,0.7743,0.89536,0.481,0.94313,7.475e-06,7.475e-06,7.475e-06
